text,label
The movie was amazing! The acting was superb, the plot was engaging and the cinematography was breathtaking. I highly recommend it.,positive
I was so disappointed with this movie. The acting was terrible, the plot was boring and the special effects were cheesy. I would not recommend it to anyone.,negative
This movie was okay. The acting was decent, but the plot was a bit predictable. I wouldn't say it was a bad movie but it wasn't great either.,negative
This is one of the best movies I've ever seen! The story was captivating, the characters were well-developed and the ending was perfect.,positive
I found this movie to be quite boring. The pacing was slow, and the characters were unlikable. I fell asleep halfway through.,negative
This movie was a lot of fun. The humor was spot-on, and the characters were very entertaining. I would definitely recommend it to anyone looking for a good laugh.,positive
The movie was visually stunning, but the story was weak and the acting was mediocre. I was expecting more from such a talented director.,negative
This movie was a masterpiece. The acting was incredible, the plot was thought-provoking and the cinematography was stunning. It's a must-see for any film lover.,positive
I found this movie to be quite predictable. The plot was clich√©, and the characters were one-dimensional. I wouldn't recommend it to anyone.,negative
This movie was a pleasant surprise. I wasn't expecting much, but I ended up enjoying it quite a bit. The characters were well-developed and the story was engaging.,positive
